supermarket,name,address,lat,lon
Ahorramás,Ahorramas,"Calle Málaga, 5, 28945, Fuenlabrada",40.2878658,-3.7940376
Ahorramás,Ahorramas,,40.4224802,-3.6018074
Ahorramás,Ahorramas,"Avenida de Daroca, 300, 28032, Madrid",40.4077418,-3.6160673
Ahorramás,Ahorramás,,40.5065419,-3.6758292
Ahorramás,Ahorramás,,40.4037012,-3.7078934
Ahorramás,Ahorramás,"Calle de José del Hierro, 57, 28027, Madrid",40.4409269,-3.6427108
Ahorramás,Ahorramás,"Avenida Camino de Santiago, 58, 28050, Madrid",40.5078343,-3.6712871
Ahorramás,Ahorramás,,40.3282644,-3.7616662
Ahorramás,Ahorramás,,40.4094437,-3.8801027
Ahorramás,Ahorramás,,40.4452667,-3.6676319
Ahorramás,Ahorramás,,40.404703,-3.6083111
Ahorramás,Ahorramás,,40.4042089,-3.6055366
Ahorramás,Ahorramás,,40.4245711,-3.6542802
Ahorramás,Ahorramás,,40.3955645,-3.4840225
Ahorramás,Ahorramás,,40.4579735,-3.4535087
Ahorramás,Ahorramás,,40.4470663,-3.4604445
Ahorramás,Ahorramás,"Calle de Rosalía de Castro, 4, 28220, Majadahonda",40.4677058,-3.8716854
Ahorramás,Ahorramás,"Calle Cisneros, 24",40.345143,-3.8331018
Ahorramás,Ahorramás,,40.3483603,-3.8320047
Ahorramás,Ahorramás,,40.3870009,-3.7126772
Ahorramás,Ahorramás,,40.335701,-3.5317107
Ahorramás,Ahorramás,,40.4658807,-3.6316252
Ahorramás,Ahorramás,,40.4586179,-3.4475865
Ahorramás,Ahorramás,Calle de Sapporo,40.3457515,-3.8172137
Ahorramás,Ahorramás,"Avenida de Aragón, 20, 28903, Getafe",40.3119249,-3.7166906
Ahorramás,Ahorramás,,40.3747233,-3.620216
Ahorramás,Ahorramás,,40.4279807,-3.6161401
Ahorramás,Ahorramás,"Avenida de la Constitución, 144",40.4596729,-3.4601717
Ahorramás,Ahorramás,,40.3372616,-3.517633
Ahorramás,Ahorramás,,40.3531946,-3.6912689
Ahorramás,Ahorramás,"Avenida de la Ciudad de Barcelona, 210, 28007, Madrid",40.3995766,-3.6720906
Ahorramás,Ahorramás,,40.4752543,-3.5808065
Ahorramás,Ahorramás,"Calle del Congosto, 32",40.3729408,-3.6194482
Ahorramás,Ahorramás,"Calle de la Antracita, 12, 28045, Madrid",40.3903667,-3.6893585
Ahorramás,Ahorramás,"Calle de Jerónima Llorente, 76, 28039, Madrid",40.4523196,-3.7092995
Ahorramás,Ahorramás,,40.397226,-3.6992085
Ahorramás,Ahorramás,,40.4220946,-3.5345353
Ahorramás,Ahorramás,"Avenida de Peña Prieta, 58, 28038, Madrid",40.401683,-3.6648839
Ahorramás,Ahorramás,,40.4623859,-3.4638308
Ahorramás,Ahorramás,"Avenida del Monasterio de El Escorial, 28049",40.5085827,-3.6941048
Ahorramás,Ahorramás,,40.3457847,-3.7105235
Ahorramás,Ahorramás,"Bulevar de José Prat, 35, 28032, Madrid",40.397779,-3.6192085
Ahorramás,Ahorramás,,40.4074662,-3.6578176
Ahorramás,Ahorramás,,40.4665005,-3.7194002
Ahorramás,Ahorramás,,40.4185574,-3.5416865
Ahorramás,Ahorramás,,40.428015,-3.5616929
Ahorramás,Ahorramás,,40.2329313,-3.7678049
Ahorramás,Ahorramás,"Avenida del Doctor Martín Vegue Jaudenes, 28918, Leganés",40.3292876,-3.7619203
Ahorramás,Ahorramás,,40.4608584,-3.4843842
Ahorramás,Ahorramás,,40.390074,-3.6389538
Ahorramás,Ahorramás,"Calle de Valderribas, 30, 28007, Madrid",40.4042264,-3.6754823
Ahorramás,Ahorramás,"Avenida del Mediterráneo, 47, 28007, Madrid",40.4069644,-3.6687864
Ahorramás,Ahorramás,"Calle de la Campiña, 28053, Madrid",40.3785061,-3.6691818
Ahorramás,Ahorramás,,40.3479782,-3.7145015
Ahorramás,Ahorramás,,40.4349496,-3.7145184
Ahorramás,Ahorramás,,40.4628766,-3.6297869
Ahorramás,Ahorramás,,40.4034397,-3.6934301
Ahorramás,Ahorramás,,40.4369074,-3.6376789
Ahorramás,Ahorramás,,40.4269936,-3.6422029
Ahorramás,Ahorramás,,40.4296007,-3.6442581
Ahorramás,Ahorramás,,40.4304913,-3.6418347
Ahorramás,Ahorramás,,40.4336544,-3.6459282
Ahorramás,Ahorramás,"Calle de las Calderas, 17",40.4570883,-3.4775672
Ahorramás,Ahorramás,,40.2138948,-3.5754469
Ahorramás,Ahorramás,"Calle de Jerónima Llorente, 36, 28039, Madrid",40.4546786,-3.7070365
Ahorramás,Ahorramás,"Calle de López de Hoyos, 81, 28002, Madrid",40.4443706,-3.674282
Ahorramás,Ahorramás,,40.4169706,-3.6737047
Ahorramás,Ahorramás,"Calle de Ponzano, 28",40.4389929,-3.6991966
Ahorramás,Ahorramás,,40.4383084,-3.6536155
Ahorramás,Ahorramás,,40.3847339,-3.70625
Ahorramás,Ahorramás,,40.446936,-3.8003318
Ahorramás,Ahorramás,,40.4252194,-3.6689364
Ahorramás,Ahorramás,"Avenida del Manzanares, 90-92, 28019, Madrid",40.3996983,-3.7209119
Ahorramás,Ahorramás,,40.389118,-3.7614818
Ahorramás,Ahorramás,,40.4606294,-3.6317402
Ahorramás,Ahorramás,"Calle de Cataluña, Pinto",40.2492281,-3.6977727
Ahorramás,Ahorramás,"Calle de las Alpujarras, 7, 28320, Pinto",40.2417511,-3.6934343
Ahorramás,Ahorramás,"Calle del Mar Negro, 28033, Madrid",40.4739411,-3.6427993
Ahorramás,Ahorramás,"Avenida de Madrid, 28500, Arganda del Rey",40.3046375,-3.4571343
Ahorramás,Ahorramás,,40.3837556,-3.7306993
Ahorramás,Ahorramás,Avenida Alcalde de Móstoles,40.335016,-3.8608606
Ahorramás,Ahorramás,Avenida de Aurelio Álvarez,40.3424072,-3.5221533
Ahorramás,Ahorramás,"Calle del Priorato, 107, 28915, Leganés",40.3354983,-3.7496761
Ahorramás,Ahorramás,"Avenida de Francia, 43, 28916, Leganés",40.3341687,-3.7434795
Ahorramás,Ahorramás,"Calle de Emilia, 46, 28029",40.4715816,-3.697088
Ahorramás,Ahorramás,"Avenida de Palomeras, 137, 28018, Madrid",40.3863248,-3.6497284
Ahorramás,Ahorramás,"Calle Picos de Europa, 13, 28038, Madrid",40.3954981,-3.6610227
Ahorramás,Ahorramás,,40.3024636,-3.4418713
Ahorramás,Ahorramás,Calle de Santander,40.3258409,-3.8661382
Ahorramás,Ahorramás,,40.3445898,-3.8083318
Ahorramás,Ahorramás,"Calle de la Serena, 23, 28053, Madrid",40.3780002,-3.6669862
Ahorramás,Ahorramás,"Calle Imagen, 17, 28018, Madrid",40.3837853,-3.667343
Ahorramás,Ahorramás,,40.3740293,-3.4857532
Ahorramás,Ahorramás,,40.4915828,-3.6068406
Ahorramás,Ahorramás,"Calle de Cataluña, Pinto",40.2488245,-3.6981829
Ahorramás,Ahorramás,,40.5973119,-3.5072974
Ahorramás,Ahorramás,,40.2287507,-3.9871911
Ahorramás,Ahorramás,"Calle del Mar de Aral, 28033, Madrid",40.4743476,-3.6429935
Ahorramás,Ahorramás,,40.417923,-3.6777075
Ahorramás,Ahorramás,"Calle de Peña de la Atalaya, 87, 28053, Madrid",40.3857462,-3.6671827
Ahorramás,Ahorramás,"Calle de Luis Sauquillo, 97",40.2776608,-3.8027288
Ahorramás,Ahorramás,,40.3803173,-3.6525702
Ahorramás,Ahorramás,Getafe,40.3049558,-3.7358934
Ahorramás,Ahorramás,,40.3030147,-3.9053902
Ahorramás,Ahorramás,,40.3935151,-3.7121856
Ahorramás,Ahorramás,,40.3936188,-3.7119689
Ahorramás,Ahorramás,"Calle de Enrique Urquijo, 140, 28052, Madrid",40.4020153,-3.5581532
Ahorramás,Ahorramás,"Calle del Hierro, 38-40",40.4513811,-3.4606376
Ahorramás,Ahorramás,,40.4252124,-3.5410815
Ahorramás,Ahorramás,"Calle Maestro Arbós, 6, 28904, Getafe",40.3108947,-3.7389658
Ahorramás,Ahorramás,"Calle de Antonio Gades, 28051",40.361648,-3.5968178
Ahorramás,Ahorramás,,40.3728104,-3.6598117
Ahorramás,Ahorramás,"Calle de la Playa de Riazor, 40, 28042",40.4754275,-3.587742
Ahorramás,Ahorramás,"Avenida de Pablo Neruda, 18, 28038",40.3911131,-3.6429741
Ahorramás,Ahorramás,,40.4371308,-3.6441077
Ahorramás,Ahorramás,,40.3723058,-3.7611851
Ahorramás,Ahorramás,,40.4078312,-3.6974766
Ahorramás,Ahorramás,,40.4627805,-3.6304046
Ahorramás,Ahorramás,,40.3964964,-3.7372118
Ahorramás,Ahorramás,,40.3950705,-3.6499629
Ahorramás,Ahorramás,,40.3882603,-3.6675792
Ahorramás,Ahorramás,"Viario de Ronda, 1, 28981, Parla",40.227172,-3.7793182
Ahorramás,Ahorramás,,40.4265114,-3.6740895
Ahorramás,Ahorramás,,40.3879113,-3.7022572
Ahorramás,Ahorramás,"Calle de la Laguna, 3, 28220, Majadahonda",40.4748873,-3.8729584
Ahorramás,Ahorramás,,40.2522262,-3.8254098
Ahorramás,Ahorramás,,40.3175063,-3.6952102
Ahorramás,Ahorramás,,40.3923918,-3.670072
Ahorramás,Ahorramás,,40.3816444,-3.671277
Ahorramás,Ahorramás,,40.3819796,-3.6726954
Ahorramás,Ahorramás,"Avenida del Juncal, 2, 28703, San Sebastián de los Reyes",40.5408506,-3.6251228
Ahorramás,Ahorramás,,40.4199877,-3.5545429
Ahorramás,Ahorramás,"Calle de María Teresa León, 14",40.3625071,-3.5950811
Ahorramás,Ahorramás,,40.4452587,-3.6131955
Ahorramás,Ahorramás,,40.3710974,-3.6124785
Ahorramás,Ahorramás,,40.3404196,-3.8370168
Ahorramás,Ahorramás,"Avenida las Retamas, 80, 28922",40.3381013,-3.8261608
Ahorramás,Ahorramás,"Calle Simón Hernández, 47, Móstoles",40.3206271,-3.8562195
Ahorramás,Ahorramás,,40.3169929,-3.860411
Ahorramás,Ahorramás,,40.4665713,-3.7192038
Ahorramás,Ahorramás,,40.2071244,-3.8767029
Ahorramás,Ahorramás,,40.4748948,-3.711731
Ahorramás,Ahorramás,"Avenida de Pablo Neruda, 59, 28018, Madrid",40.3824858,-3.6489481
Ahorramás,Ahorramás,"Calle del Río Duero, 2, Móstoles",40.3167134,-3.8784183
Ahorramás,Ahorramás,"Calle del Camino de los Vinateros, 40, 28030, Madrid",40.4100332,-3.6550644
Ahorramás,Ahorramás,,40.260076,-3.8581121
Ahorramás,Ahorramás,,40.3985949,-3.4859045
Ahorramás,Ahorramás,,40.4253568,-3.6509801
Ahorramás,Ahorramás,"Avenida de Santa Eugenia, 2, 28031, Madrid",40.3865237,-3.6092978
Ahorramás,Ahorramás,,40.350589,-3.8993482
Ahorramás,Ahorramás,"Calle de Linares, 28025, Madrid",40.3886409,-3.7347867
Ahorramás,Ahorramás,,40.3220371,-3.717325
Ahorramás,Ahorramás,Madrid,40.4323029,-3.6136193
Ahorramás,Ahorramás,,40.3090845,-3.447287
Ahorramás,Ahorramás,,40.2156768,-3.8585337
Ahorramás,Ahorramás,,40.4981763,-3.6667983
Ahorramás,Ahorramás,,40.3170924,-3.7429869
Ahorramás,Ahorramás,,40.331712,-3.8658919
Ahorramás,Ahorramás,,40.3533264,-3.5377882
Ahorramás,Ahorramás,"Avenida del Príncipe de Asturias, 28670, Villaviciosa de Odón",40.3555389,-3.9010041
Ahorramás,Ahorramás,"Avenida de la Constitución, 106",40.457877,-3.4668851
Ahorramás,Ahorramás,"Calle de Jesusa Lara, 25, 28250",40.578232,-3.9532665
Ahorramás,Ahorramás,,40.4088886,-3.9040925
Ahorramás,Ahorramás,"Calle de los Monegros, 28915",40.3383522,-3.7525819
Ahorramás,Ahorramás,,40.4467558,-3.9933146
Ahorramás,Ahorramás,,40.5355287,-3.8970546
Ahorramás,Ahorramás,"Calle de Gabriela Mistral, 1, 28523, Rivas Vaciamadrid",40.3806441,-3.5323718
Ahorramás,Ahorramás,,40.5573722,-3.6539734
Ahorramás,Ahorramás,,40.3762208,-3.7468777
Ahorramás,Ahorramás,"Calle Fútbol Sala, 2, 28914, Leganés",40.3202091,-3.7670037
Ahorramás,Ahorramás,,40.3738272,-3.7740146
Ahorramás,Ahorramás,"Paseo de las Artes, 19, 28320, Pinto",40.2567045,-3.6945837
Ahorramás,Ahorramás,,40.3031606,-3.7498655
Ahorramás,Ahorramás,"Avenida de Tenerife, 22, 28703, San Sebastián de los Reyes",40.5602329,-3.6187129
Ahorramás,Ahorramás,,40.4469569,-3.4683054
Ahorramás,Ahorramás,,40.4897826,-3.9550141
Ahorramás,Ahorramás,"Calle de Lolo Rico, 5, 28523, Rivas Vaciamadrid",40.3754431,-3.5377697
Ahorramás,Ahorramás,,40.448968,-3.8608895
Ahorramás,Ahorramás,,40.4540861,-3.8832894
Ahorramás,Ahorramás,,40.4813985,-3.621269
Ahorramás,Ahorramás,"Calle del Doctor Sánchez Morate, 28903, Getafe",40.3164121,-3.7214451
Ahorramás,Ahorramás,,40.2521774,-3.8254227
Ahorramás,Ahorramás,"Calle de Eduardo Barreiros, 120, 28041, Madrid",40.3545137,-3.7063111
Ahorramás,Supermercado Ahorramas,,40.362577,-3.7502639
Alcampo,Alcampo,"Avenida de Monforte de Lemos, 36, 28029, Madrid",40.480352,-3.7068876
Alcampo,Alcampo,"Calle de Atocha, 80, 28012",40.4110395,-3.6967784
Alcampo,Alcampo,"Avenida del Monasterio de El Escorial, 35, 28049",40.5041255,-3.7030859
Alcampo,Alcampo,,40.53452,-3.6370272
Alcampo,Alcampo,,40.3490874,-3.8089186
Alcampo,Alcampo,,40.4463281,-3.6673818
Alcampo,Alcampo,,40.5109016,-3.6897557
Alcampo,Alcampo,,40.4751732,-3.4820823
Alcampo,Alcampo,,40.4596891,-3.6961918
Alcampo,Alcampo,Avenida de las Provincias,40.2965137,-3.801264
Alcampo,Alcampo,"Paseo de la Esperanza, 51, 28005, Madrid",40.3990274,-3.7028284
Alcampo,Alcampo,,40.5413419,-3.462615
Alcampo,Alcampo,,40.3403205,-3.7346226
Alcampo,Alcampo,,40.5681576,-3.9205423
Alcampo,Alcampo,28224,40.4447796,-3.8092429
Alcampo,Alcampo,"Calle del Doce de Octubre, 20, 28009, Madrid",40.4156986,-3.6755879
Alcampo,Alcampo,,40.3952352,-3.6976312
Alcampo,Alcampo,,40.3947894,-3.6799981
Alcampo,Alcampo,"Calle de Maqueda, 30, 28024, Madrid",40.3937323,-3.7650943
Alcampo,Alcampo,,40.3892931,-3.692129
Alcampo,Alcampo,"Calle Ribera de Curtidores, 15, 28005, Madrid",40.4090064,-3.7071896
Alcampo,Alcampo,,40.4740599,-3.6393899
Alcampo,Alcampo,"Avenida de Bucaramanga, 2, 28033, Madrid",40.4720257,-3.6367924
Alcampo,Alcampo,"Calle del Ferrocarril, 28904, Getafe",40.3074104,-3.735095
Alcampo,Alcampo,"Calle de Ortiz Campos, 5, 28026, Madrid",40.3851303,-3.7071334
Alcampo,Alcampo,"Calle de Alcalá, 170, 28028, Madrid",40.4290191,-3.666466
Alcampo,Alcampo,,40.4239428,-3.6780412
Alcampo,Alcampo,"Calle de Juan Bravo, 58",40.4322049,-3.6740912
Alcampo,Alcampo,,40.4893823,-3.8763957
Alcampo,Alcampo,"Calle Alonso Carbonell, 3, 28045, Madrid",40.3951407,-3.6963505
Alcampo,Alcampo,"Avenida de Nuestra Señora de Fátima, 99, 28047, Madrid",40.378698,-3.7486522
Alcampo,Alcampo,,40.4384238,-3.6674315
Alcampo,Alcampo,,40.4614899,-3.6937827
Alcampo,Alcampo,,40.3910238,-3.7019681
Alcampo,Alcampo,,40.4630031,-3.675144
Alcampo,Alcampo,,40.4175677,-3.6644042
Alcampo,Alcampo,"Calle de Ricardo Ortiz, 62-66, 28017, Madrid",40.4242378,-3.6578471
Alcampo,Alcampo,,40.4486562,-3.6735737
Alcampo,Alcampo,"Calle de Puentelarra, 8, 28031, Madrid",40.383767,-3.6078908
Alcampo,Alcampo,,40.3864045,-3.6501123
Alcampo,Alcampo,"Calle de Santa Engracia, 41, 28010, Madrid",40.4322021,-3.697866
Alcampo,Alcampo,"Paseo de la Democracia, 7",40.4619903,-3.4404532
Alcampo,Alcampo,,40.2970586,-3.8383331
Alcampo,Alcampo,,40.379305,-3.6222867
Alcampo,Alcampo,,40.4276547,-3.6965005
Alcampo,Alcampo,,40.4258755,-3.6669976
Alcampo,Alcampo,,40.4272861,-3.6852954
Alcampo,Alcampo,,40.4332146,-3.7166148
Alcampo,Alcampo,,40.3931896,-3.654694
Alcampo,Alcampo,"Calle de Leganés, 50, 28945",40.2908065,-3.790475
Alcampo,Alcampo,"Avenida de Viñuelas, 50, 28760, Tres Cantos",40.5960791,-3.6998222
Alcampo,Alcampo,,40.320374,-3.7848692
Alcampo,Alcampo,Albala,40.4363748,-3.6189269
Alcampo,Alcampo,"Calle Kálamos, 28232, Las Rozas de Madrid",40.5205808,-3.935008
Alcampo,Alcampo,,40.2953705,-3.746409
Alcampo,Alcampo,"Calle del Corregidor Diego de Valderrábano, 28017",40.412224,-3.6605413
Alcampo,Alcampo,,40.3302724,-3.8293588
Alcampo,Alcampo,,40.3462756,-3.854815
Alcampo,Alcampo,,40.3037677,-3.8317074
Alcampo,Alcampo,,40.2496527,-3.8252558
Alcampo,Mi Alcampo,"Calle del Príncipe Carlos, 28050, Madrid",40.4922165,-3.6545131
Alcampo,Mi Alcampo,,40.4699638,-3.7024907
Alcampo,Mi Alcampo,"Calle Batalla del Salado, 3, 28045, Madrid",40.404434,-3.6956506
Alcampo,Mi Alcampo,,40.4107306,-3.6955084
Alcampo,Mi Alcampo,"Calle de Bravo Murillo, 245, 28020, Madrid",40.4587874,-3.7006319
Alcampo,Mi Alcampo,,40.4616778,-3.6999757
Alcampo,Mi Alcampo,"Calle de Imperio Argentina, 28052, Madrid",40.4039951,-3.5613851
Alcampo,Mi Alcampo,,40.4713559,-3.6890251
Alcampo,Mi Alcampo,"Avenida de la Osa Mayor, 62, 28023, Madrid",40.4590783,-3.7826891
Alcampo,Mi Alcampo,,40.3983566,-3.7081296
Alcampo,Supermercado Alcampo,"Calle del Lago Garda, 2, 28521, Rivas-Vaciamadrid",40.3286265,-3.5116932
Alcampo,Supermercados Alcampo,,40.3196749,-3.8530511
Aldi,ALDI,"Calle Azafrán, 13, 28220, Majadahonda",40.4561572,-3.8672767
Aldi,ALDI,,40.489145,-3.8965915
Aldi,ALDI,"Carretera a San Martín de Valdeiglesias, 1, 28690",40.395196,-3.9918272
Aldi,ALDI,"Carretera a San Martín de Valdeiglesias, 1",40.3951838,-3.9918372
Aldi,ALDI,,40.5971487,-3.5082818
Aldi,ALDI,,40.4274636,-3.552284
Aldi,ALDI,"Calle Mediterráneo, 9, 28922, Alcorcon",40.329348,-3.8368512
Aldi,ALDI,,40.406276,-3.745022
Aldi,ALDI,"Avenida de Juan Antonio Samaranch, 55, 28055",40.4883798,-3.6129045
Aldi,ALDI,"Calle de Leganés, 60",40.2950809,-3.7894872
Aldi,ALDI,,40.450746,-3.4715262
Aldi,ALDI,"Calle del Pintor Velázquez, 3",40.5369355,-3.6400339
Aldi,ALDI,,40.2714639,-3.8095499
Aldi,ALDI,,40.3155002,-3.8433262
Aldi,ALDI,,40.3099918,-3.8636008
Aldi,ALDI,,40.4311306,-3.7943611
Aldi,ALDI,"Avenida de la Constitución, 106",40.4577708,-3.4674959
Aldi,ALDI,Carretera de Acceso al Barrio de la Fortuna,40.3725767,-3.7647172
Aldi,ALDI,,40.2898911,-3.997487
Aldi,ALDI,,40.4646583,-3.7984107
Aldi,ALDI,,40.547822,-3.6531314
Aldi,ALDI,,40.3515386,-3.882372
Aldi,ALDI,,40.2364155,-3.7582569
Aldi,ALDI,,40.454779,-3.8875183
Aldi,ALDI,,40.3293364,-3.8363946
Aldi,Aldi,"Calle de Francisco Silvela, 48, Madrid",40.434222,-3.6737037
Aldi,Aldi,"Calle de Gaztambide, 4, 28015, Madrid",40.4310548,-3.7156809
Aldi,Aldi,,40.4568041,-3.6802724
Aldi,Aldi,"Calle del General Ricardos, 55",40.394678,-3.7210492
Aldi,Aldi,"Calle del Ferrocarril, 38",40.4011808,-3.6977816
Aldi,Aldi,"Calle del Poeta Joan Maragall, 7, 28020, Madrid",40.4544531,-3.6930441
Aldi,Aldi,,40.4751677,-3.6507679
Aldi,Aldi,"Calle de Jorge Juan, 129, 28009, Madrid",40.4232491,-3.6695642
Aldi,Aldi,,40.445508,-3.6676346
Aldi,Aldi,"Calle de Bravo Murillo, 200, 28020, Madrid",40.4559772,-3.7021004
Aldi,Aldi,,40.4472953,-3.7034943
Aldi,Aldi,"123, 28010, Madrid",40.4305775,-3.7032879
Aldi,Aldi,,40.2462669,-3.7119203
Aldi,Aldi,,40.2967482,-3.7482323
Aldi,Aldi,,40.3498651,-3.848766
Aldi,Aldi,"Calle del Conde de Peñalver, 45, 28006, Madrid",40.4294497,-3.6755181
Aldi,Aldi,,40.398508,-3.6830981
Aldi,Aldi,,40.4883798,-3.6129044
Aldi,Aldi,"Carretera de Canillas, 43, 28043, Madrid",40.4634516,-3.6469861
Aldi,Aldi,"28022, Madrid",40.4445954,-3.5857605
Aldi,Aldi,"Calle de Arcaute, 28042",40.4430679,-3.5793377
Aldi,Aldi,,40.560656,-3.6192194
Aldi,Aldi,,40.3325567,-3.761047
Aldi,Aldi,"Avenida de Santa Eugenia, 4, 28031, Madrid",40.3861189,-3.6098561
Aldi,Aldi,,40.3723366,-3.6377868
Aldi,Aldi,"Calle Quintanavides, 6, 28050, Madrid",40.4977313,-3.6677174
Aldi,Aldi,,40.4339277,-3.656064
Aldi,Aldi,,40.4917511,-3.8666922
Aldi,Aldi,"Avenida de Einstein, 28703, San Sebastián de los Reyes",40.5406396,-3.6109314
Aldi,Aldi,"Calle de la Industria, 4, Rivas Vaciamadrid",40.3534515,-3.5496322
Aldi,Aldi,,40.4487294,-3.796784
Aldi,Aldi,"Avenida del Pinar, 2, 28923, Alcorcón",40.3438033,-3.8072429
Aldi,Aldi,,40.372398,-3.7280895
Aldi,Aldi,,40.2462801,-3.7120979
Aldi,Aldi,"Avenida del Ejército, 50, 28500, Arganda del Rey",40.3042897,-3.4518892
Dia,Dia,"Calle Virgen de Aránzazu, 3, 28034, Madrid",40.4854304,-3.6902918
Dia,Dia,"Calle de Juan Montalvo, 21, 28040, Madrid",40.4471184,-3.7119678
Dia,Dia,"Calle de las Huertas, Madrid",40.4129173,-3.6953428
Dia,Dia,,40.4051443,-3.7015311
Dia,Dia,,40.5044401,-3.6768216
Dia,Dia,"28660, Boadilla del Monte",40.3998038,-3.8973887
Dia,Dia,,40.3991563,-3.7081825
Dia,Dia,"Avenida Rey Juan Carlos I, 10, 28220, Majadahonda",40.4605988,-3.8660486
Dia,Dia,,40.433327,-3.6751848
Dia,Dia,"Calle Bristol, 9, 28028",40.4403489,-3.662539
Dia,Dia,,40.4716219,-3.5794235
Dia,Dia,,40.4254413,-3.714542
Dia,Dia,,40.4203315,-3.6980193
Dia,Dia,,40.4346742,-3.8128634
Dia,Dia,,40.4058129,-3.7079461
Dia,Dia,,40.4122872,-3.7012279
Dia,Dia,,40.3456249,-3.8283344
Dia,Dia,,40.3474894,-3.8284324
Dia,Dia,,40.3472026,-3.8319998
Dia,Dia,,40.3478828,-3.8274136
Dia,Dia,,40.3459432,-3.8263651
Dia,Dia,,40.4758295,-3.6654539
Dia,Dia,,40.3495846,-3.8232747
Dia,Dia,,40.411075,-3.7083931
Dia,Dia,,40.4728044,-3.6510263
Dia,Dia,,40.3444922,-3.8168221
Dia,Dia,Calle de Maldonado,40.433948,-3.6829667
Dia,Dia,,40.402624,-3.6793977
Dia,Dia,,40.3937817,-3.7070344
Dia,Dia,,40.4058561,-3.753141
Dia,Dia,,40.4121117,-3.7332957
Dia,Dia,,40.340396,-3.5188168
Dia,Dia,,40.4101594,-3.7389681
Dia,Dia,,40.410441,-3.7278281
Dia,Dia,,40.4703767,-3.6475172
Dia,Dia,,40.3579958,-3.6941053
Dia,Dia,"Calle Miguel Ángel, 14, 28932",40.3313045,-3.8641625
Dia,Dia,,40.4869762,-3.7174323
Dia,Dia,,40.368686,-3.4845376
Dia,Dia,"Calle de Extremadura, 12, Fuenlabrada",40.279919,-3.7968261
Dia,Dia,"Calle del Doce de Octubre, 11, 28009, Madrid",40.4159181,-3.6757313
Dia,Dia,,40.4185005,-3.6773828
Dia,Dia,"Valderromán, 28035",40.4698788,-3.7223299
Dia,Dia,"Calle de Pamplona, 45, 28039, Madrid",40.4554084,-3.706747
Dia,Dia,"Calle de Doña Berenguela, 19, 28011",40.4125345,-3.7264756
Dia,Dia,,40.4048988,-3.7449423
Dia,Dia,"Calle de Escosura, 16, 28015, Madrid",40.435552,-3.7066426
Dia,Dia,,40.3974594,-3.7659321
Dia,Dia,,40.4552056,-3.7037506
Dia,Dia,,40.28551,-3.7903973
Dia,Dia,,40.38488,-3.7826425
Dia,Dia,"Calle de Oña, 123",40.4886792,-3.6615746
Dia,Dia,,40.5754683,-3.927901
Dia,Dia,"Calle de la Marquesa Viuda de Aldama, 7, 28100, Alcobendas",40.5413719,-3.6327148
Dia,Dia,"Calle Fuentesaúco, 7, 28024, Madrid",40.3981168,-3.7711318
Dia,Dia,"Avenida de Moratalaz, 181, 28030, Madrid",40.4077507,-3.6465734
Dia,Dia,,40.455499,-3.6793124
Dia,Dia,"Avenida de Portugal, 54, 28935",40.3262139,-3.8694224
Dia,Dia,,40.4593511,-3.460838
Dia,Dia,"Calle de Martínez de Villergas, 19, 28027, Madrid",40.4412629,-3.6545981
Dia,Dia,,40.4272956,-3.5399268
Dia,Dia,"Pedro de Valdivia, 28911",40.3239463,-3.7674881
Dia,Dia,"Calle del Marqués de Jura Real, 21, 28019, Madrid",40.3916687,-3.7098722
Dia,Dia,,40.396569,-3.7139508
Dia,Dia,"Calle de San Andrés, 12, 28004, Madrid",40.4265679,-3.7036558
Dia,Dia,,40.3811734,-3.7139419
Dia,Dia,,40.411034,-3.6680473
Dia,Dia,"Calle del Doctor Casal, 2, 28008, Madrid",40.4263681,-3.732496
Dia,Dia,,40.4043422,-3.6416026
Dia,Dia,"Calle de Mario Cabré, 13, 28030, Madrid",40.4071711,-3.6361638
Dia,Dia,,40.4248151,-3.5500575
Dia,Dia,"Calle del Corregidor Alonso de Tobar, 3, 28030, Madrid",40.4035939,-3.6491964
Dia,Dia,"Calle de la Ladera de los Almendros, 40, 28032, Madrid",40.3974802,-3.625809
Dia,Dia,"Calle Camino de Humanes, 45, Móstoles",40.3137759,-3.8571707
Dia,Dia,,40.4281683,-3.5366306
Dia,Dia,,40.3750722,-3.774297
Dia,Dia,,40.2138478,-3.8548195
Dia,Dia,,40.3977062,-3.7184266
Dia,Dia,,40.3724433,-3.6185329
Dia,Dia,,40.4315669,-3.6492532
Dia,Dia,"28029, Madrid",40.475939,-3.7134381
Dia,Dia,,40.3847091,-3.6075237
Dia,Dia,,40.4317914,-3.6539225
Dia,Dia,"Calle de Ordoñez, 12, 28911, Leganés",40.3291265,-3.7670889
Dia,Dia,"Avenida del Doctor Martín Vegue Jaudenes, 16, 28912, Leganés",40.3286705,-3.7616628
Dia,Dia,,40.4254089,-3.6544795
Dia,Dia,,40.4414496,-3.6751175
Dia,Dia,,40.4237442,-3.5324798
Dia,Dia,"Calle de Santa Cruz de Marcenado, 11, 28015, Madrid",40.4286509,-3.7085833
Dia,Dia,,40.463129,-3.4681355
Dia,Dia,,40.4355934,-3.6410063
Dia,Dia,"Avenida de la Ciudad de Barcelona, 222, 28007, Madrid",40.3987016,-3.6702884
Dia,Dia,,40.4354129,-3.643652
Dia,Dia,,40.4324546,-3.6406599
Dia,Dia,,40.4192451,-3.5722681
Dia,Dia,,40.3543717,-3.6949291
Dia,Dia,"Calle de Manuel Silvela, 9",40.4290987,-3.6986213
Dia,Dia,Calle Patrimonio de la Humanidad,40.3613923,-3.7612903
Dia,Dia,"Calle de Barceló, 9, 28004, Madrid",40.4267832,-3.7001518
Dia,Dia,,40.4213688,-3.6762202
Dia,Dia,,40.383843,-3.6464238
Dia,Dia,"Carretera de Canillas, 41, 28043, Madrid",40.4633374,-3.647578
Dia,Dia,,40.3872019,-3.7226443
Dia,Dia,"Calle de Campomanes, 6, 28013, Madrid",40.4190068,-3.7091927
Dia,Dia,,40.4702142,-3.6961401
Dia,Dia,,40.3493473,-3.8109812
Dia,Dia,,40.548885,-3.6229622
Dia,Dia,,40.4188507,-3.6997653
Dia,Dia,,40.2569676,-3.8246238
Dia,Dia,"Calle Buenavista, 34, 28904, Getafe",40.3065758,-3.7368262
Dia,Dia,,40.3397603,-3.8641658
Dia,Dia,,40.4508247,-3.6976629
Dia,Dia,"Calle del Príncipe Carlos, 28050, Madrid",40.4928023,-3.6541404
Dia,Dia,,40.4334989,-3.7011461
Dia,Dia,"Calle de San Bernardo, 35, 28015, Madrid",40.4233601,-3.7075923
Dia,Dia,,40.4641983,-3.6336475
Dia,Dia,"Paseo del Marqués de Zafra, 37, 28028, Madrid",40.4257351,-3.6639442
Dia,Dia,"Costanilla de los Ángeles, 6, 28013, Madrid",40.4186109,-3.7082714
Dia,Dia,,40.4167427,-3.7107054
Dia,Dia,"Avenida Juan de la Cierva, 28, 28902, Getafe",40.3098656,-3.724876
Dia,Dia,,40.4146393,-3.7065253
Dia,Dia,"Calle Maudes, 23, 28003",40.4453007,-3.699261
Dia,Dia,,40.3589813,-3.7799657
Dia,Dia,,40.4037618,-3.6073918
Dia,Dia,,40.4049076,-3.6954078
Dia,Dia,,40.4363269,-3.6850158
Dia,Dia,,40.4071329,-3.9988504
Dia,Dia,,40.4464045,-3.8021202
Dia,Dia,"Calle de Hernani, 21, 28020, Madrid",40.4483509,-3.7013103
Dia,Dia,,40.4770529,-3.6991973
Dia,Dia,"Calle de Sangenjo, 12, 28034, Madrid",40.4841528,-3.702456
Dia,Dia,,40.4445038,-3.610866
Dia,Dia,Calle Méjico,40.4260424,-3.5453358
Dia,Dia,"Calle de Vallehermoso, 87",40.4395518,-3.7083788
Dia,Dia,"Avenida de Madrid, 28500, Arganda del Rey",40.3044695,-3.4563999
Dia,Dia,"Calle de Juan Duque, Madrid",40.4113094,-3.7196122
Dia,Dia,28021,40.3457921,-3.7069426
Dia,Dia,,40.3989362,-3.6433303
Dia,Dia,28007,40.4052022,-3.6805533
Dia,Dia,,40.4920723,-3.8733191
Dia,Dia,"Calle de Caleruega, Madrid",40.4788226,-3.6708926
Dia,Dia,"Calle de Suecia, 12, 28022, Madrid",40.4219359,-3.6087903
Dia,Dia,,40.4589356,-3.7112586
Dia,Dia,,40.4578844,-3.7109715
Dia,Dia,"Calle de las Bárdenas, 1, 28915, Leganés",40.3293215,-3.7532678
Dia,Dia,,40.3839896,-3.6426564
Dia,Dia,,40.4281916,-3.6254555
Dia,Dia,,40.3014107,-3.4447409
Dia,Dia,Calle Carrera,40.3267485,-3.8617317
Dia,Dia,"Calle de Gabriela Mistral, 8, 28942",40.2952136,-3.8330265
Dia,Dia,,40.4433011,-3.6687652
Dia,Dia,"Calle de la Gavia Seca, 3, 28031, Madrid",40.3800897,-3.6192376
Dia,Dia,,40.4653325,-3.6955813
Dia,Dia,"Calle Vinca, 8, 28029, Madrid",40.4698402,-3.6902535
Dia,Dia,"Calle de la Luna, 8, 28004, Madrid",40.4219064,-3.7054117
Dia,Dia,,40.4533511,-3.7068157
Dia,Dia,,40.4518221,-3.7038943
Dia,Dia,"Calle de Pobladura del Valle, 6, 28037, Madrid",40.4224976,-3.6245596
Dia,Dia,"Calle Pintor Miró, 12, 28933, Móstoles",40.32943,-3.8656052
Dia,Dia,,40.4211157,-3.7179535
Dia,Dia,,40.4009087,-3.652967
Dia,Dia,,40.458412,-3.7068611
Dia,Dia,,40.3929728,-3.7542383
Dia,Dia,"Calle de Nuestra Señora de Valverde, 41, 28034, Madrid",40.4937446,-3.6873822
Dia,Dia,,40.379397,-3.7706932
Dia,Dia,,40.4137485,-3.7026976
Dia,Dia,,40.3203981,-3.8668263
Dia,Dia,,40.2435565,-3.6998988
Dia,Dia,,40.3764721,-3.6608938
Dia,Dia,,40.4850821,-3.6850569
Dia,Dia,,40.377057,-3.7689971
Dia,Dia,"Avenida de Pedro Díez, 21, 28019, Madrid",40.3913642,-3.7312544
Dia,Dia,,40.3979347,-3.6641203
Dia,Dia,"Calle del Mar Cantábrico, 28821, Coslada",40.4189167,-3.5719407
Dia,Dia,"Calle de la Sierra Vieja, 28031, Madrid",40.3786801,-3.623565
Dia,Dia,,40.3879741,-3.7313774
Dia,Dia,Calle del Doctor Fleming,40.4608229,-3.6880719
Dia,Dia,"Calle de San Pedro de Cardeña, 28033",40.4748272,-3.6601572
Dia,Dia,"Calle de Galicia, 28942, Fuenlabrada",40.2979172,-3.8087103
Dia,Dia,,40.4229454,-3.6671012
Dia,Dia,,40.3953932,-3.7140162
Dia,Dia,"Calle Villalobos, 125",40.3809462,-3.6508449
Dia,Dia,,40.3659995,-3.5517678
Dia,Dia,"Calle de Obenque, 9, 28042, Madrid",40.452347,-3.5929627
Dia,Dia,Calle de las Adelfas,40.3515464,-3.8026197
Dia,Dia,,40.4355038,-3.6655057
Dia,Dia,,40.3203702,-3.8578574
Dia,Dia,"Paseo de San Francisco de Sales, 15, Madrid",40.4408172,-3.7156518
Dia,Dia,,40.3960413,-3.6931302
Dia,Dia,,40.4038404,-3.7047574
Dia,Dia,,40.3680192,-3.759029
Dia,Dia,,40.392773,-3.6440641
Dia,Dia,"José San Clemente Rey, 7, 28890, Loeches",40.3860185,-3.4131581
Dia,Dia,"Calle de Hilarión Eslava, 48",40.4369937,-3.7164309
Dia,Dia,,40.3881415,-3.6533745
Dia,Dia,"Calle Santa María de la Cabeza, 3, 28220, Majadahonda",40.4736026,-3.8711454
Dia,Dia,"Calle Pinto, 61, 28982, Parla",40.2395242,-3.7625845
Dia,Dia,,40.4369613,-3.7010302
Dia,Dia,,40.3155067,-3.7198716
Dia,Dia,,40.3724318,-3.7619132
Dia,Dia,,40.3654155,-3.5504225
Dia,Dia,,40.4078483,-3.6975867
Dia,Dia,,40.3812609,-3.7040533
Dia,Dia,,40.4190544,-3.6209955
Dia,Dia,,40.3846929,-3.6719988
Dia,Dia,,40.4240837,-3.5644191
Dia,Dia,"Calle Camino San Sebastián, 8, 28660, Boadilla del Monte",40.4073057,-3.8772104
Dia,Dia,"Calle de Minerva, 70",40.395202,-3.6079045
Dia,Dia,,40.4261266,-3.7068785
Dia,Dia,,40.4339086,-3.6515497
Dia,Dia,"Calle de Prudencio Álvaro, 10",40.4369664,-3.646863
Dia,Dia,,40.245465,-3.6990378
Dia,Dia,,40.3955928,-3.6954416
Dia,Dia,,40.4787086,-3.7197699
Dia,Dia,,40.4368473,-3.71118
Dia,Dia,,40.3122474,-3.7223993
Dia,Dia,"Calle de Gómez Acebo, 20, 28021",40.3430408,-3.7095238
Dia,Dia,,40.4118644,-3.705602
Dia,Dia,,40.4027082,-3.7034235
Dia,Dia,,40.3504582,-3.8304078
Dia,Dia,"Calle de Vital Aza, 44, 28017",40.4322186,-3.641229
Dia,Dia,"Avenida de la Magia, 10, 28100, Alcobendas",40.5533852,-3.6572333
Dia,Dia,"Plaza del Sauce, 8, 28100, Alcobendas",40.5461164,-3.6407142
Dia,Dia,"Calle de San Isidro, 11, 28100, Alcobendas",40.5432833,-3.6314486
Dia,Dia,"Calle de Pablo Picasso, 56, 28100, Alcobendas",40.5421515,-3.6372665
Dia,Dia,"Calle del Conjunto Avenida, 5, 28100, Alcobendas",40.5472185,-3.6465694
Dia,Dia,"Calle de Orense, 2, 28100, Alcobendas",40.5422005,-3.6367498
Dia,Dia,"Calle del Fuego, 50, 28100, Alcobendas",40.5455197,-3.6352152
Dia,Dia,,40.3930378,-3.669827
Dia,Dia,"Avenida de Atenas, 75, 28232, Las Rozas",40.5176433,-3.923153
Dia,Dia,,40.4460408,-3.6970231
Dia,Dia,Madrid,40.3847865,-3.7583796
Dia,Dia,,40.4447981,-3.6124016
Dia,Dia,,40.2828412,-3.8088406
Dia,Dia,,40.2834268,-3.7848139
Dia,Dia,"Calle de Ramón Gómez de la Serna, 4",40.4811638,-3.7232098
Dia,Dia,,40.3140497,-3.8722594
Dia,Dia,,40.3316662,-3.8640678
Dia,Dia,,40.2300591,-3.7774212
Dia,Dia,,40.4248656,-3.6401238
Dia,Dia,"Calle de la Bureba, 18, 28915, Leganés",40.3327108,-3.7512358
Dia,Dia,,40.3899337,-3.6576514
Dia,Dia,,40.4404554,-3.650245
Dia,Dia,"Calle Mayor, 40, 28701",40.5491635,-3.6269323
Dia,Dia,,40.5016852,-3.8887503
Dia,Dia,,40.2266474,-3.4368774
Dia,Dia,,40.4022351,-3.692817
Dia,Dia,,40.4257532,-3.6821065
Dia,Dia,"Avenida de Aragón, 12, 28903, Getafe",40.3107033,-3.718985
Dia,Dia,,40.3299039,-3.7588881
Dia,Dia,,40.3421013,-3.7473596
Dia,Dia Market,"Calle de Andrés Mellado, 61, 28015, Madrid",40.4368215,-3.7143394
Dia,Dia Market,,40.4063576,-3.6060502
Dia,Dia Market,,40.4543703,-3.6959952
Dia,Dia Market,,40.3503296,-3.8263681
Dia,Dia Market,,40.286904,-3.8045491
Dia,Dia Market,,40.2952801,-3.7875915
Dia,Dia Market,"Paseo de Extremadura, 9, 28011",40.4137542,-3.7260959
Dia,Dia Market,,40.3962222,-3.6984504
Dia,Dia Market,,40.4226775,-3.6779599
Dia,Dia Market,,40.4204146,-3.7086751
Dia,Dia Market,,40.3865261,-3.7014668
Dia,Dia Market,"Calle de Cavanilles, 47, 28007, Madrid",40.4047294,-3.6728795
Dia,Dia Market,"Avenida de la Ciudad de Barcelona, 59, 28007, Madrid",40.4022267,-3.6763076
Dia,Dia Market,,40.438905,-3.6347973
Dia,Dia Market,,40.4628431,-3.4785018
Dia,Dia Market,"Calle de Fernández de los Ríos, 45, 28015, Madrid",40.4351387,-3.7106616
Dia,Dia Market,"Calle de San Bernardo, 83, 28015, Madrid",40.4282572,-3.7063972
Dia,Dia Market,"Corredera Baja de San Pablo, 39, 28004, Madrid",40.4229553,-3.7033106
Dia,Dia Market,,40.4400712,-3.6528073
Dia,Dia Market,,40.241604,-3.7703816
Dia,Dia Market,,40.2848418,-3.7906565
Dia,Dia Market,,40.2862137,-3.8017126
Dia,Dia Market,"Avenida de Fuenlabrada, 19, 28912, Leganés",40.332111,-3.7615345
Dia,Dia Market,,40.3917046,-3.7265442
Dia,Dia Market,,40.4250731,-3.6710166
Dia,Dia Market,,40.3437929,-3.7150583
Dia,Dia Market,,40.4313045,-3.715664
Dia,Dia Market,,40.4321409,-3.6675608
Dia,Dia Market,"Calle de Rodríguez San Pedro, 5, 28015, Madrid",40.4314768,-3.7080373
Dia,Dia Market,,40.4396514,-3.698386
Dia,Dia Market,,40.4316846,-3.6975151
Dia,Dia Market,,40.4511088,-3.6779045
Dia,Dia Market,,40.3518577,-3.6971836
Dia,Dia Market,,40.4043018,-3.7130894
Dia,Dia Market,,40.3820528,-3.7483638
Dia,Dia Market,"Calle de Sagasta, 18, 28004, Madrid",40.4281102,-3.6986375
Dia,Dia Market,,40.4496839,-3.7014789
Dia,Dia Market,,40.3532202,-3.692282
Dia,Dia Market,,40.5519429,-3.6306755
Dia,Dia Market,"Camino de Valderribas, 16, 28038, Madrid",40.4007123,-3.6658945
Dia,Dia Market,,40.4653287,-3.699635
Dia,Dia Market,,40.4459008,-3.6745323
Dia,Dia Market,,40.4214527,-3.7020606
Dia,Dia Market,,40.5310536,-3.4802673
Dia,Dia Market,,40.4454847,-3.8085433
Dia,Dia Market,"Avenida de la Hispanidad, 14",40.2924584,-3.7861395
Dia,Dia Market,,40.4725401,-3.7115959
Dia,Dia Market,"Avenida del Rey Juan Carlos I, 28, 28915, Leganés",40.3342562,-3.753224
Dia,La Plaza de DIA,28224,40.4343031,-3.8062873
Dia,La Plaza de DIA,,40.4447687,-3.6341303
Dia,La Plaza de DIA,,40.413668,-3.8981409
Dia,La Plaza de DIA,,40.4547104,-3.6718806
Dia,La Plaza de DIA,,40.3366023,-3.7686687
Dia,La Plaza de DIA,,40.4171298,-3.5233973
Dia,La Plaza de DIA,,40.4337755,-3.6733457
Dia,La Plaza de DIA,"Calle del General Pardiñas, 96",40.4341178,-3.677797
Dia,La Plaza de DIA,,40.4494119,-3.7106556
Dia,La Plaza de DIA,,40.4265314,-3.5332705
Dia,La Plaza de DIA,,40.4096389,-3.6696277
Dia,La Plaza de DIA,,40.5664129,-3.6090235
Dia,La Plaza de DIA,,40.4605261,-3.6770792
Dia,La Plaza de DIA,,40.4198577,-3.7979731
Dia,La Plaza de DIA,,40.4460443,-3.6091076
Dia,La Plaza de DIA,,40.4865242,-3.7254544
Dia,La Plaza de DIA,,40.3746783,-3.7507764
Dia,La Plaza de DIA,,40.4864786,-3.6513093
Dia,La Plaza de DIA,,40.3200013,-3.8734582
Dia,La Plaza de DIA,,40.4827812,-3.6943912
Dia,La Plaza de Dia,,40.4594716,-3.7024629
Dia,Maxi Dia,,40.5420692,-3.4632365
Dia,Maxi Dia,,40.4556469,-3.4837959
Dia,Maxi Dia,,40.4108447,-3.7136495
Dia,Maxi Dia,,40.4277291,-3.7179962
Dia,Maxi Dia,"Calle del Ingeniero Fernández Casado, 21",40.4311517,-3.533852
Dia,Maxi Dia,,40.5409831,-3.6515561
Dia,Maxi Dia,,40.2129629,-3.5797517
Dia,Maxi Dia,"Calle de San Jaime, 1",40.378012,-3.6298698
Dia,Maxi Dia,"Carretera de Daganzo, 9.5, 28863",40.5646821,-3.4995656
Dia,Maxi Dia,,40.404337,-3.8852738
Dia,Super Dia,,40.4303451,-3.6417213
Dia,Supermercados Dia,"Calle de Carmen Portones, 3, 28039, Madrid",40.4627911,-3.7056402
Dia,Supermercados Dia,"Calle del Viento, 10, 12, 28220, Majadahonda",40.4730857,-3.8754891
Dia,Supermercados Dia,,40.4431753,-3.7000199
Dia,Supermercados Dia,"Calle de La Habana, 22, 28945",40.289087,-3.786634
Mercadona,Mercadona,,40.4028283,-3.696878
Mercadona,Mercadona,,40.3158644,-3.7356711
Mercadona,Mercadona,,40.3316298,-3.8560718
Mercadona,Mercadona,,40.4558202,-3.7003498
Mercadona,Mercadona,,40.4492643,-3.4698921
Mercadona,Mercadona,"28660, Boadilla del Monte",40.3998299,-3.8968652
Mercadona,Mercadona,"Calle de la Circunvalación, 110",40.4584621,-3.4572061
Mercadona,Mercadona,,40.4718405,-3.7080787
Mercadona,Mercadona,"Calle del Pozo de las Nieves, 34",40.4443653,-3.4628843
Mercadona,Mercadona,"Calle del Río, 45",40.4490762,-3.4707349
Mercadona,Mercadona,,40.4046876,-3.7062622
Mercadona,Mercadona,,40.5055402,-3.8924138
Mercadona,Mercadona,,40.3719903,-3.6950556
Mercadona,Mercadona,,40.5407781,-3.4652627
Mercadona,Mercadona,,40.5474632,-3.6342391
Mercadona,Mercadona,,40.4004807,-3.712361
Mercadona,Mercadona,"Avenida Víctimas del Terrorismo, 2",40.5836556,-3.9971024
Mercadona,Mercadona,"Calle de Lope de Haro, 20, 28039",40.4570586,-3.7035106
Mercadona,Mercadona,"Calle de Arrastaria, 28022",40.4468717,-3.5865153
Mercadona,Mercadona,,40.3158804,-3.8505156
Mercadona,Mercadona,,40.5994339,-3.7161193
Mercadona,Mercadona,,40.2852398,-3.7926877
Mercadona,Mercadona,"Calle de Portugal, 37, 28943, Fuenlabrada",40.2847214,-3.809738
Mercadona,Mercadona,,40.3364064,-3.525256
Mercadona,Mercadona,,40.4607473,-3.4899241
Mercadona,Mercadona,"Plaza Reyes Magos, 28007, Madrid",40.4090831,-3.676125
Mercadona,Mercadona,"Calle de Antonio López, 113, 28026, Madrid",40.3893878,-3.7004158
Mercadona,Mercadona,,40.5228233,-3.8911589
Mercadona,Mercadona,"Calle de Manuel Machado, 10, 28030, Madrid",40.4117919,-3.6593671
Mercadona,Mercadona,,40.4343313,-3.7045345
Mercadona,Mercadona,,40.3862643,-3.6908621
Mercadona,Mercadona,"Avenida de Antonio López, 18, 28320, Pinto",40.253178,-3.6993185
Mercadona,Mercadona,,40.4265429,-3.6080509
Mercadona,Mercadona,"Ronda de Atocha, 26",40.4063375,-3.6984248
Mercadona,Mercadona,"Calle del Charco, 44, 28911, Leganés",40.3294577,-3.7691086
Mercadona,Mercadona,,40.3340239,-3.7118486
Mercadona,Mercadona,"Calle de Francisco Madariaga, 3, 28017, Madrid",40.4347103,-3.6422656
Mercadona,Mercadona,"Calle de María Tubau, 26, 28050, Madrid",40.5124455,-3.6778586
Mercadona,Mercadona,,40.4678501,-3.8145949
Mercadona,Mercadona,"Avenida de Madrid, 100, 28500, Arganda del Rey",40.3097123,-3.4763388
Mercadona,Mercadona,,40.3885963,-3.7270384
Mercadona,Mercadona,,40.4481461,-3.6685898
Mercadona,Mercadona,,40.3950479,-3.721462
Mercadona,Mercadona,,40.4547199,-3.6872961
Mercadona,Mercadona,,40.4077181,-3.6507741
Mercadona,Mercadona,,40.4640867,-3.6965164
Mercadona,Mercadona,Paseo del General Martínez Campos,40.4352887,-3.6919654
Mercadona,Mercadona,"Calle de César Manrique, 28529, Rivas Vaciamadrid",40.3552234,-3.5419513
Mercadona,Mercadona,"Avenida de Pilar Miró, 53, 28529, Rivas Vaciamadrid",40.3544995,-3.51832
Mercadona,Mercadona,"Calle de Asura, 56, 28043, Madrid",40.4549447,-3.6520471
Mercadona,Mercadona,"Calle de Carlos Martín Álvarez, 45, 28018, Madrid",40.3875762,-3.6646475
Mercadona,Mercadona,,40.4417797,-3.8445748
Mercadona,Mercadona,"Calle de Guatemala, 13, 28016, Madrid",40.4595111,-3.6724848
Mercadona,Mercadona,"Travesía del Pinzón, 7,9,11",40.3917586,-3.7414048
Mercadona,Mercadona,,40.3071851,-3.727096
Mercadona,Mercadona,"Calle de Jordi Solé Tura, 20, 28055",40.4927318,-3.6089377
Mercadona,Mercadona,"Calle del Cardenal Belluga, 10, 28028, Madrid",40.4306624,-3.6652052
Mercadona,Mercadona,,40.3841965,-3.7290929
Mercadona,Mercadona,"Calle de José Vasconcelos, 4, 28046, Madrid",40.470963,-3.686612
Mercadona,Mercadona,,40.39199,-3.6558086
Mercadona,Mercadona,"Calle del Pintor Juan Gris, 3, 28020",40.4572884,-3.6913828
Mercadona,Mercadona,"Calle de Ayala, 89",40.4274152,-3.6728208
Mercadona,Mercadona,,40.3863761,-3.7352796
Mercadona,Mercadona,,40.5237081,-3.6566066
Mercadona,Mercadona,"Avenida de los Hoyos, 2, 28860, Paracuellos del Jarama",40.5089018,-3.5125635
Mercadona,Mercadona,"Calle del Corazón de María, 17, 28002, Madrid",40.4422303,-3.6689992
Mercadona,Mercadona,,40.2958169,-3.8152547
Mercadona,Mercadona,"Calle de Fuencarral, 77, 28004, Madrid",40.4251234,-3.7011737
Mercadona,Mercadona,,40.4249883,-3.6342539
Mercadona,Mercadona,"Calle de Almería, Arroyomolinos",40.2765841,-3.9144836
Mercadona,Mercadona,,40.2962013,-3.7480727
Mercadona,Mercadona,"Calle de Serrano, 61",40.432063,-3.6874155
Mercadona,Mercadona,"Calle del General Pardiñas, 99, 28006",40.4365015,-3.6790051
Mercadona,Mercadona,,40.2908998,-3.8228184
Mercadona,Mercadona,,40.454942,-3.5858504
Mercadona,Mercadona,"Paseo de Los Melancólicos, 30, 28005, Madrid",40.4025408,-3.7209674
Mercadona,Mercadona,,40.409919,-3.9073481
Mercadona,Mercadona,"Calle de Alfonso Fernández, 18",40.3670502,-3.7557176
Mercadona,Mercadona,,40.3581484,-3.8299055
Mercadona,Mercadona,,40.2391295,-3.7030394
Mercadona,Mercadona,"Calle de la Virgen de la Paz, 16, 28027, Madrid",40.4343606,-3.6587666
Mercadona,Mercadona,,40.288004,-3.9192087
Mercadona,Mercadona,,40.4643116,-3.4458325
Mercadona,Mercadona,"Calle de San Dalmacio, 2, 28021",40.3442008,-3.6945375
Mercadona,Mercadona,Calle Berlín,40.2377951,-3.7579845
Mercadona,Mercadona,Calle Turín,40.2365693,-3.7520837
Mercadona,Mercadona,"Carretera Majadahonda a Boadilla, 84",40.4592067,-3.8743262
Mercadona,Mercadona,,40.3423599,-3.8286002
Mercadona,Mercadona,Paseo de Europa,40.5466493,-3.6213135
Mercadona,Mercadona,"Avenida del Juncal, 5, 28703, San Sebastián de los Reyes",40.5406858,-3.6239375
Mercadona,Mercadona,,40.3419883,-3.8134955
Mercadona,Mercadona,"Avenida de la Virgen del Carmen, 84, 28033, Madrid",40.475183,-3.6476654
Mercadona,Mercadona,"Calle del Doctor Fleming, 16, 28220, Majadahonda",40.4746531,-3.8776048
Mercadona,Mercadona,,40.4014102,-3.7513981
Mercadona,Mercadona,,40.3162999,-3.8788239
Mercadona,Mercadona,,40.3646292,-3.5993571
Mercadona,Mercadona,,40.3640116,-3.5898737
Mercadona,Mercadona,,40.3706107,-3.6114478
Mercadona,Mercadona,"Calle de Tineo, 5, 28031, Madrid",40.3741992,-3.6282767
Mercadona,Mercadona,"Calle de Luarca, 1, 28250",40.5711947,-3.9245114
Mercadona,Mercadona,"Calle de Martínez de la Riva, 4, 28053, Madrid",40.395454,-3.6682968
Mercadona,Mercadona,,40.343687,-3.8492751
Mercadona,Mercadona,"Calle de Alfredo Marqueríe, 14, 28034, Madrid",40.4861658,-3.7070111
Mercadona,Mercadona,,40.3718557,-3.7293427
Mercadona,Mercadona,"Calle de la Secoya, 28054, Madrid",40.3720311,-3.7426089
Mercadona,Mercadona,,40.4059315,-3.5911184
Mercadona,Mercadona,"Calle Esla, 1",40.3894097,-3.492856
Mercadona,Mercadona,"Calle de Gazaperas, 22, 28944, Fuenlabrada",40.2750545,-3.7991121
Mercadona,Mercadona,,40.447083,-3.5225696
Mercadona,Mercadona,,40.3060319,-3.9264711
Mercadona,Mercadona,"Calle del Monasterio de las Huelgas, 17, 28034, Madrid",40.5026793,-3.7072676
Mercadona,Mercadona,,40.2316371,-3.9798107
Mercadona,Mercadona,,40.3121614,-3.7954006
Mercadona,Mercadona,"Calle Telémaco, 3, 28027, Madrid",40.4481073,-3.6460878
Mercadona,Mercadona,,40.3427566,-3.8701694
Mercadona,Mercadona,,40.3827896,-3.6258486
Mercadona,Mercadona,"Avenida de Santa Eugenia, 10, 28031, Madrid",40.3850865,-3.6117248
Mercadona,Mercadona,,40.556503,-3.6268855
Mercadona,Mercadona,Calle María Zambrano,40.2314012,-3.7775346
Mercadona,Mercadona,,40.2837392,-3.78324
Mercadona,Mercadona,"Calle Moraleja de Enmedio, 8, 28938, Móstoles",40.3131542,-3.8695492
Mercadona,Mercadona,,40.3626029,-3.7656326
Mercadona,Mercadona,,40.4344793,-3.6314773
Mercadona,Mercadona,"Calle de los Vascos, 29",40.4489676,-3.7118399
Mercadona,Mercadona,"Calle de Alcocer, 41, 28021",40.3495275,-3.7023684
Mercadona,Mercadona,"Calle de las Adelfas, 38, 28007, Madrid",40.4047037,-3.670207
Mercadona,Mercadona,"Calle Quintanavides, 7, 28050, Madrid",40.49739,-3.668787
Mercadona,Mercadona,,40.3809315,-3.6613106
Mercadona,Mercadona,"Calle de Ramón y Cajal, 27, 28914, Leganés",40.3320108,-3.7361472
Mercadona,Mercadona,"Calle Trigo, 2, 28914, Leganés",40.3268544,-3.7784385
Mercadona,Mercadona,,40.4438322,-3.6153937
Mercadona,Mercadona,"CTRA. FUENLABRADA-HUMANES S/N, 28970, Humanes de Madrid",40.2593515,-3.8205208
Mercadona,Mercadona,"Calle Augustóbriga, 28021",40.3554917,-3.6849524
Mercadona,Mercadona,,40.3731528,-3.7743613
Mercadona,Mercadona,,40.4063145,-3.745717
Mercadona,Mercadona,"Calle de Zaida, 95, 28019, Madrid",40.3918257,-3.7350755
Mercadona,Mercadona,,40.2146991,-3.5761112
Mercadona,Mercadona,,40.5556421,-3.6540618
Mercadona,Mercadona,,40.490391,-3.6886596
Mercadona,Mercadona,"Calle de Antonio López, 241, 28041, Madrid",40.379964,-3.6943909
Mercadona,Mercadona,"Avenida Olímpica, 25, 28935, Móstoles",40.3297364,-3.8832637
Mercadona,Mercadona,"Avenida de los Rosales, 26, 28041, Madrid",40.36452,-3.6873077
Mercadona,Mercadona,"Calle Mediterráneo, 7, 28922, Alcorcón",40.3299057,-3.8362672
Mercadona,Mercadona,,40.4286825,-3.5522759
Mercadona,Mercadona,,40.490199,-3.9554122
Mercadona,Mercadona,,40.465995,-3.6539266
Mercadona,Mercadona,"Calle de Bispo, 28670, Villaviciosa de Odón",40.3597786,-3.9108472
Mercadona,Mercadona,,40.460623,-3.8000966
Mercadona,Mercadona,,40.302561,-3.4524678
Mercadona,Mercadona,,40.4705105,-3.5890861
Mercadona,Mercadona,"Avenida Puerta de Alcalá, 3, 28918, Leganés",40.3412753,-3.7574887
Mercadona,Mercadona,"Avenida de la Constitución, 102, 28850, Torrejón de Ardoz",40.4575909,-3.4687775
Mercadona,Mercadona,,40.4290647,-3.6000655
Mercadona,Mercadona,"Calle de la Hulla, 28021",40.3399349,-3.6752582
Mercadona,Mercadona,,40.3173909,-3.706896
Mercadona,Mercadona,"Avenida de las Acacias, 2, 28978, Cubas de la Sagra",40.200413,-3.8483354
Mercadona,Mercadona,Calle Lago del Retiro,40.2452976,-3.7772216
Mercadona,Mercadona,"Calle Lolo Rico, 4, 28523, Rivas Vaciamadrid",40.3759312,-3.5335964
Mercadona,Mercadona,"Calle Natación, 28914, Leganés",40.3187274,-3.7675946
Mercadona,Mercadona,"Calle de la Ladera de los Almendros, 28, 28032, Madrid",40.3993017,-3.6253087
Mercadona,Mercadona,"Avenida de España, 116, 28822, Coslada",40.4201312,-3.5561953
Mercadona,Mercadona,"Calle del Mar Mediterráneo, 4, 28821, Coslada",40.4208909,-3.5730536
Mercadona,Mercadona,"Paseo de los Melancólicos, 30, 28005, Madrid",40.4028127,-3.7207111
Mercadona,Mercadona,"Avenida Víctimas del Terrorismo, 8, 28660",40.409946,-3.9074731
Mercadona,Mercadona,,40.2593515,-3.8205753
Mercadona,Mercadona,"Calle Alcalde Julio Labradero, 28220, Majadahonda",40.4671082,-3.8763584
